Network Name,VM Name,VM Instance UUID
canonical,PFsense,5238129c-3ca6-79ce-5e15-8d9696118e4a
canonical,MaasNode,5012bb08-bdef-8500-43bb-4c30a90d142b
canonical,JujuController,529d3575-0f97-200d-85ee-25dcb03b8411
canonical,JujuCompute2,50121571-33c3-e3cf-6848-2b6a5e44219d
canonical,JujuCompute3,50129107-3469-f757-c29e-734a26e991ad
canonical,JujuCompute1,501209a8-61eb-b0b2-cace-e7037fa8583c
RHV,PFsense,5238129c-3ca6-79ce-5e15-8d9696118e4a
Internal_Network,PFsense,5238129c-3ca6-79ce-5e15-8d9696118e4a
Internal_Network,Landingvm,52d359a1-b5c7-1f15-2cc6-033bc85b58d8
Internal_Network,CephCS_0.3,52b722c0-a8b6-ca08-df69-21f9fdda6868
Internal_Network,Target_NFS,525774d2-d386-ac67-a2ae-623766320d6c
Internal_Network,KVM,527ca8c4-4a70-3a29-cf5c-665515ea1e00
Internal_Network,kubeadm-master,50125b73-42e1-30b2-904d-6749945887c6
Internal_Network,kubeadm-worker-1,50124e4c-b570-f9fd-7ac7-5bc236397aba
Internal_Network,kubeadm-worker-2,5012d5e2-531f-a11d-4a48-ed1e1db00486
Internal_Network,kubeadm2-master,50127a30-13fa-383b-a567-a57fd7fb6180
Internal_Network,kubeadm2-worker-1,501273af-8c97-f2d7-107a-3d7ac341150b
Internal_Network,kubeadm2-worker-2,5012736a-fa88-a5f9-d28e-633593c5a4f5
RHOCP,PFsense,5238129c-3ca6-79ce-5e15-8d9696118e4a
RHOCP,ocp-deployment-host,50125075-97a5-9e95-75f4-21e8c90be092
RHOCP,4-vcpu-8GB-RAM-100-GB-Storage-Centos7,50126de2-a731-2a19-d87c-91b67e27b9a9
RHOCP,8-CPU-16GB-RAM-Disk1-150GB-Disk2-200GB,50129456-464a-9f52-2c9d-7a2ecb381e24
RHOCP,rancher-server,5012476d-e1cb-50a3-5a10-a86ac3a6cb57
RHOCP,rancher-k8s-master1,5012f754-be5c-b9f1-6de4-95a582ca6379
RHOCP,rancher-k8s-worker1,501283dc-8644-5eea-ab54-6c303b3683ee
RHOCP,rancher-k8s-worker2,50121110-7bcd-9ef4-ba2f-ea06adbf0fe7
RHOCP,docker-registry,5012d63e-51ef-b256-0140-a327f4d27760
RHOCP,ldap-server-centos7,50120ee7-b7e6-5781-4e8d-11ae8cdfc493
RHOCP,k8s-master-1,5012166b-2f94-f855-20f9-b23d71199a9a
RHOCP,k8s-worker-1,50126e4b-af79-b1a4-ba19-256af5b807eb
RHOCP,k8s-worker-2,5012c99d-de51-ba6c-becc-3ebf26aea712
RHOCP,k8s-worker-3,5012c74e-fcdf-bcbb-160b-7bde9a24c252
RHOCP,rocp-mw45z-rhcos-generated-region-generated-zone,50122cab-d422-2c84-2b52-6eeb56862dcf
RHOCP,rocp-mw45z-master-2,50129b66-e1ec-bf99-cfa9-9654049d7ddb
RHOCP,rocp-mw45z-master-0,5012b624-0122-6b09-16e1-50046777dc89
RHOCP,rocp-mw45z-master-1,5012ed05-9d35-913d-c4ab-37fe3e1df8ed
RHOCP,rocp-mw45z-worker-0-25jtv,d9308903-2f77-4358-8482-ea515e509d74
RHOCP,rocp-mw45z-worker-0-6c554,1d33cf21-2728-41b9-9f78-964dec80c352
RHOCP,rocp-mw45z-worker-0-hfnkv,676769aa-5075-4f93-a5c6-28b34c22adee
Internal_Endpoint,PFsense,5238129c-3ca6-79ce-5e15-8d9696118e4a
External_Network,PFsense,5238129c-3ca6-79ce-5e15-8d9696118e4a
External_Network,Landingvm,52d359a1-b5c7-1f15-2cc6-033bc85b58d8
RHOSP,PFsense,5238129c-3ca6-79ce-5e15-8d9696118e4a
RHOSP,ceph-admin-node,50127bd3-4f0c-50df-1912-c72ea062846d
RHOSP,ceph-node1,50129585-4006-f053-17ef-1dcc02a74d95
RHOSP,ceph-node2,50120174-7d6b-d63b-e919-dab4d7a48c62
RHOSP,ceph-node3,50123447-aa8f-45ee-330d-cc056061fd6c
kolla-osa,PFsense,5238129c-3ca6-79ce-5e15-8d9696118e4a
kolla-osa,openstack-ansible,50121b7a-30a4-ddb9-5863-89b6882f98f3
kolla-osa,Rancher,50120c0e-beed-ff55-97ef-9787d0008e32
kolla-osa,kolla-ansible-controller,50125080-fea9-5a1e-d7f7-2bc1386e2013
kolla-osa,kolla-ansible-compute-1,5012a437-31db-754b-8554-eaa5e90441b7
kolla-osa,kolla-ansible-compute-2,501214b3-d4b3-4419-eec9-e274e1230e5a
kolla-osa,kolla-controller-bobcat,50127836-74cf-1bb4-6974-cb6418f6f726
kolla-osa,kolla-compute-1-bobcat,5012ae42-77be-02ea-7157-e4c95599d1ca
kolla-osa,osa2-compute-1,50124684-e501-e2c5-d949-887c4a10bb9b
kolla-osa,openstack-ansible-2-controller,5012d824-431d-03c0-23ea-58b2ead249f3
kolla-osa,openstack-ansible-2-compute,50124bff-eee8-a6dd-2572-8867b0b681f8
Lan1,pfsense (1),521ca276-b69b-ec29-60f3-503dfdf6a963
Lan1,Windows,52b88cd4-76d3-e694-6eee-6cab541388dd
Lan1,RHOSPMANAGER,52e5d52d-252e-9d6f-a75e-9d335efceb28
Lan1,RHOSPManager_BKP,50125450-b572-109d-f6c4-f81aeaf2bb79
Lan1,PFsense_BKPRHOSP,50122073-fed8-44a7-b75a-a73a036c79d2
Lan7,pfsense (1),521ca276-b69b-ec29-60f3-503dfdf6a963
Lan7,PFsense_BKPRHOSP,50122073-fed8-44a7-b75a-a73a036c79d2
Lan6,pfsense (1),521ca276-b69b-ec29-60f3-503dfdf6a963
Lan6,PFsense_BKPRHOSP,50122073-fed8-44a7-b75a-a73a036c79d2
Lan5,pfsense (1),521ca276-b69b-ec29-60f3-503dfdf6a963
Lan5,Windows,52b88cd4-76d3-e694-6eee-6cab541388dd
Lan5,PFsense_BKPRHOSP,50122073-fed8-44a7-b75a-a73a036c79d2
Lan4,pfsense (1),521ca276-b69b-ec29-60f3-503dfdf6a963
Lan4,PFsense_BKPRHOSP,50122073-fed8-44a7-b75a-a73a036c79d2
TestIPv4,PFsenseIPv6 Test,5012f631-ae81-84f8-4f66-878508214b70
TestIPv4,ADP_Windows10,5012c216-6aa6-05a5-6e2a-7997bbc1e0aa
Baremetal_Internal,Pushkar_RH_Build_29.1,50123238-c88c-91ef-390e-6fdb512b8e48
juju4,LandingVM_Roshan,52136823-7cb2-dab9-2cde-9e2a2e1ad058
juju4,pfsense,50229f2a-8bb9-9529-dd9d-5421953508bf
juju4,NEW_NFS.1.34,52a8941d-cedd-20a5-fc9b-fbda9b563602
juju4,Terminal-server-Win-10-1.98,50127136-01d3-5cc7-dbc1-250e24fec1ea
juju4,Terminal_server-2-1.97,50129140-e875-0a07-b31d-25c85121cd81
juju4,Landing_VM_Divya,50369d8f-8999-1794-387c-101f24f80c6c
juju4,Kolla_Wallaby_IPv6_Test,5012ef6f-c3bd-c0af-3aee-f9f55696d3f1
juju4,Landing_VM_Pushkar,52b14bdc-d610-623b-1057-7df75a16a191
external,LandingVM_Rohit,52fd0dda-646b-831b-acc6-eb82686896ec
external,Landing_VM_rohitk,52612b63-46e8-1cb8-f209-3141e4521763
Internal,LandingVM_Rohit,52fd0dda-646b-831b-acc6-eb82686896ec
Internal,Landing_VM_rohitk,52612b63-46e8-1cb8-f209-3141e4521763
IPv6,pfsense (1),521ca276-b69b-ec29-60f3-503dfdf6a963
JujuTrial172.172.1.1,pfsense,50229f2a-8bb9-9529-dd9d-5421953508bf
Lan2,pfsense (1),521ca276-b69b-ec29-60f3-503dfdf6a963
Lan2,PFsense_BKPRHOSP,50122073-fed8-44a7-b75a-a73a036c79d2
Internal_Network,Rajneesh_LandingVM,5234d57f-2a3a-1b53-7904-9f6ff047fa16
Internal_Network,RK_Linux_15.50,523d45de-c58c-b620-5feb-49a067ccd9e0
Internal_Network,RHV_sanity_5.39,52b8f160-fda2-33aa-d016-edcbf1f3713a
Internal_Network,SteinCompute_30.212,52c4c12a-2ed0-e4c4-7a4e-7a81e74d3959
Internal_Network,Steincontroller_30.211,52da5ef5-dc77-686a-7fa4-f3f2feb923f2
Internal_Network,Abhijeet_ubuntu20_18.10,52a500f4-4a34-dfbe-9451-a1d4dc63e816
Internal_Network,centosRockyMultipath_9.100,52060cbc-fcc3-e74a-06c0-a58f20ea872a
Internal_Network,synology,52fe1a04-3695-e18e-4d6e-0ce87dae28ef
Internal_Network,ubuntu20PushkarDEV_18.11,521cdf5a-2b73-f0e0-bbbf-b7fc7d57e868
Internal_Network,Niranjan_JSlave_6.133,52840d9a-700b-9632-da1f-aa6ef8611695
Internal_Network,LandingVM_Roshan,52136823-7cb2-dab9-2cde-9e2a2e1ad058
Internal_Network,Node1,527b7f51-5e90-496f-f099-e01ee0a3fdf4
Internal_Network,Node2,5288c47c-b7a9-f058-1d0e-dd8b0df9301b
Internal_Network,Node5,528a0cac-c1b9-32a5-9286-7cc759fd0487
Internal_Network,Node3,5240a8e1-2c51-baf1-407b-f415eca2198c
Internal_Network,Node4,52f6d9cd-712c-5845-2bdd-f5c82e8025f8
Internal_Network,Node6,52318e2f-d5ab-253d-3c94-6e40c4ce0657
Internal_Network,Centos_Tempest_1.120,5225fad5-42a0-9124-9bf3-b095a7cfa335
Internal_Network,rhel8mahesh_12.67,52add56e-4449-eb69-ab3f-454c3db05ab3
Internal_Network,centos7_savitha10.243,52ea77be-d6da-a430-7155-38fa94a1652d
Internal_Network,deb_packing_12.41_mahesh,5243a893-33a2-7a9c-099c-c3081517075c
Internal_Network,savithacentos8_10.253,502292dd-4243-6006-9dbf-29df03ec6f54
Internal_Network,Ubuntu18_Abhijeet_18.1,50362abc-13b3-edc3-49bf-d1dc6a065ac5
Internal_Network,Mahesh_Deb_DO_NOT_DELETE_12.32,5296ee79-9d04-6501-753d-c74fcfc92ad6
Internal_Network,pushkarcentos8_16.184,52f1e001-e425-8df6-b60c-7504d8520316
Internal_Network,Centosrocky_6.55,525ed459-e8c6-11b5-20ea-680ea1d1b1be
Internal_Network,LandingVM_Sachin,529afae2-c2e8-3b24-cf00-5befaf06832d
Internal_Network,redhatceph_mimic1.75,523cf573-2529-6fcf-0522-bc9d53b72ba6
Internal_Network,Deepali_LandingVM,5259452a-af9f-bbf9-810f-274c69e7b1d7
Internal_Network,Landinvm_JP,528917e6-4249-51cc-ca46-a37598937e06
Internal_Network,EmailServer_12.205,50229459-3a1f-e48b-2e19-ff504bff8273
Internal_Network,LandingVM_Omkar,52628937-ae2b-cae2-5fb6-856354ad9f7f
Internal_Network,Divya_openstack10.181,52d47d6f-aca0-3760-96a1-93620712b5c6
Internal_Network,Meenu_landing_vm,523173db-62e3-e86c-cc3c-845dbc52b7d8
Internal_Network,Prashant_Landingvm,523ff6e8-9617-9054-5c0d-73a8d3b65024
Internal_Network,centosiscsi10.98,5297ffb9-84e0-ee8d-fbf7-bebe7333655c
Internal_Network,Prashant_14.5,52805420-9a81-feef-11cc-22a2e4f9c0af
Internal_Network,Prashant_14.6,520d00e1-9df8-3667-a3f7-4a02c4578c8f
Internal_Network,ceph_graphana_14.7,522771c3-b14f-ea80-ebbd-e1865ea21d4b
Internal_Network,Murali_14.50,5273eb04-3d34-48a6-d364-a32175335a53
Internal_Network,MuraliU_14.51,52a97bf0-c4b7-df32-ef83-7755e8a5d577
Internal_Network,JUJUMAAS_25.101,52aa2e91-7844-7da2-f0c4-8548c877a4ee
Internal_Network,Pushkar_RH_Build_29.1-old,5219dff4-5f88-5779-4917-8c72b3cc875b
Internal_Network,Docker-Registry-roshan,5226f2e8-f97a-34bd-e9c3-0eb15e7cdb9f
Internal_Network,Kolla-Victoria-Rancher-24.131,5012cbde-8a76-4ff4-08c5-746320e0c772
Internal_Network,LandingVM-Suhas-1.92,5012f1f4-c0e4-857e-df1e-adfcd392b975
Internal_Network,LandingVM-Akash-1.93,5012fd7d-6568-bc20-15c2-ab31e77f070a
Internal_Network,graphana&cephcockpit_172.25.3.98,5012879c-5439-551c-934c-17c59d398e9c
Internal_Network,Murali_Ubuntu_14.57,50124ead-1900-aec2-fd09-ea2b7c272ed6
Internal_Network,Murali_Ubuntu_14.58,50122dac-88c4-a63a-7425-72a51774de8c
Internal_Network,centos-7.9-template-1.28.13-1648136703,50121252-d12e-51d4-67ca-64894721e1e3
Internal_Network,centos-7.9-template-1.28.13-1648183331,5012e1e4-2c3f-97cc-4b57-5274cb914691
Internal_Network,Ubuntu18helm,50128883-0fea-c167-ba93-35a3f57858b1
Internal_Network,centos-7.9-template-1.28.13-1649235937,5012506b-a90e-f849-e854-b2669029d6c9
Internal_Network,KVMDevNew-24.240,50123593-95de-9ac6-ad61-0e3bab802bcd
Internal_Network,ubuntu18new,5012d532-23b3-f9d5-25e9-4015902e7038
Internal_Network,ubuntuamd,50128422-5b8c-c8aa-68d8-23bb2b6a6c86
Internal_Network,Centos7-Stein,501279a5-2600-61b4-d171-b964806272f0
Internal_Network,Controller-IPv6-25.71,50123ef8-16c1-f5d9-315f-983dacabcd73
Internal_Network,Compute-IPv6-25.72,5012c576-f599-c4fb-98ef-020a953556a9
Internal_Network,RHEL8-Rajneesh-25.80,5012a9be-fb53-d1fb-24e9-b58606652cea
Internal_Network,AbhijeetPatra_Centos_25.7,5012cdd3-541a-34e2-1e0d-6023896f68e9
Internal_Network,ubuntu20-82.104,50124377-db8c-4c78-9970-8ec7cdcd2e9d
Internal_Network,ubuntu20-rdp,50127b66-8db6-bc6d-3578-73eac53fb6f5
Internal_Network,centos8s,501242ff-4bc0-3698-b1c0-58866c2a5947
Internal_Network,centos8s-ipv6,5012d02f-6516-ac11-02b1-77c6baa602d5
Internal_Network,NasharatM_Ubuntu20_25.11,5012765b-7e97-1ab1-bce3-0cb5fb10894b
Internal_Network,Ekta_Centos8s_25.12,5012387f-01d8-3d37-964d-21168defcf88
Internal_Network,ubuntu22,50124b33-7eb2-2b79-bc83-28182954071b
Internal_Network,Terminal-server-Win-10-1.98,50127136-01d3-5cc7-dbc1-250e24fec1ea
Internal_Network,Kolla-Wallaby-BuildServer-25.151,50121327-a98f-9ad6-4873-56bce3de1338
Internal_Network,TerminalVMTemplate,50122cc8-8aa2-5f90-a2e7-5f0fb46c1b93
Internal_Network,Terminal-server-3-1.99,501231b3-e679-99dd-4cea-046c9d433d68
Internal_Network,Terminal_server-2-1.97,50129140-e875-0a07-b31d-25c85121cd81
Internal_Network,docker_trial_rajneesh_192.168.1.25,5012f234-deb9-7cf8-2922-df199ab96e84
Internal_Network,Windows10,5207ea45-7289-199a-83a5-15720a104e00
Internal_Network,RHVFirewall,527b256f-6111-8db5-9c04-b0994475faca
Internal_Network,UBuntu20_AD_Integration-25.10,5012b79b-49cb-15b5-49ad-c0f821037baf
Internal_Network,traefik_LB_ceph_25.215,5012ab34-c619-1017-7b4e-8ba39739ff2b
Internal_Network,Node-JS-Test-10.180,50126ac1-47c2-0e83-f244-522e628785c5
Internal_Network,Nikita-k8s-2-172.25.0.211,5012ad4c-6892-119a-efbc-48c3fd89cfd6
Internal_Network,RHEL-9-Rajneesh-192.168.15.10,5012ffd3-0e73-31fd-21b4-71f2168bcfcd
Internal_Network,RHEL-9-Shyam-192.168.15.20,50126881-bfbe-14c4-80bb-d428b0236c10
Internal_Network,RHEL-9.0-Build-192.168.15.11,5012e2c4-4c68-5702-5dcc-954381620bfe
Internal_Network,k8s-test,5012a9c8-f700-fc11-f749-29107dce40a8
Internal_Network,Abhijeet_Patra_Landing_VM,50127442-9281-8ec4-109a-504db11c5e4a
Internal_Network,compute-murali-25.42,5012d751-f434-5245-43ba-40991c0f0ca6
Internal_Network,controller-murali-25.41,5012611b-68a2-a99a-aec9-75a8b2f214f2
Internal_Network,Kolla-Ubuntu-Wallaby-Debakanta-25.31,5012072b-faa1-2fc3-335d-a07ebc7baed3
Internal_Network,Kolla-antelopeRockyController_25.91,50121d75-f4b9-a680-da1c-e72bdaa0ff85
Internal_Network,Rocky9.2,501269db-1e74-6775-81f2-ec32b15b6008
Internal_Network,KollaWallaby-24.22,50123869-1cd0-3276-0b22-05c601e4933b
Internal_Network,Kolla_Wallaby_IPv6_Test,5012ef6f-c3bd-c0af-3aee-f9f55696d3f1
Internal_Network,iscsi_24.114,5012a2f4-d1f4-4f05-b075-ccce11691f20
Internal_Network,Ansible_24.111,5012b246-3fef-f5a2-bef8-3bbc3ccf3daa
Internal_Network,Controller_24.112,50129de1-59fe-65ab-0739-df59678b4d2d
Internal_Network,Compute_24.113,50120315-8f55-6628-43ed-334960b755f1
Internal_Network,ADP_Windows10,5012c216-6aa6-05a5-6e2a-7997bbc1e0aa
Internal_Network,KVM_6.131,5228ba12-a229-b558-b2d8-3a35b2e74385
Internal_Network,KollaantelopeJammy_Controller_192.25.97,50121422-1d14-1478-76b4-a48337bff2c5
Internal_Network,Kolla-antelopeRocky-compute,5012ae29-c83c-3c8e-f410-12a656d2f6e5
Internal_Network,KollaantelopeJammy_compute_192.25.99,501243f5-4d5e-8805-cb9c-8a933da3c7e1
Internal_Network,prashant_14.100,5012e21f-6f93-d19b-8274-1ae5a80bb5dd
Internal_Network,jeff-ubuntu-2,5012d17d-e958-005e-88ef-16720630168f
Internal_Network,Abhijeet_jammy_trial,5012935d-332b-16bf-1a83-7109b0d7bf11
Internal_Network,kollabobcatJammy_Conroller_192.168.9.81,50123caf-949a-afab-46c0-1dafeb66c2b9
Internal_Network,KollabobcatJammy_compute_192.168.9.82,5012a88a-a842-df09-2144-b77e1a7efdf6
Internal_Network,KollaRockyBobcatController_192.168.9.87,50128d7a-a8e1-349e-2516-d6b9c25b5f5e
Internal_Network,kollaRockybobcatCompute_192.168.9.88,5012c10e-eb5d-b350-f8c1-04b1929a44c1
canonical_focal2,JUJUMAAS,52521908-b45d-54e6-d528-20414fdeac37
canonical_focal2,NODE1,52c468e2-ce15-ce2c-bd66-4af39d43c3a9
canonical_focal2,NODE2,52a529ef-cb5d-d0d4-7aca-72df1b94b0a4
canonical_focal2,NODE3,52fcb8cd-eb81-33f0-d91f-c9585b954393
canonical_focal2,NODE4,521ffdfb-8145-84b7-a58e-4d54d3487538
canonical_focal2,NODE5,52a071eb-d72c-0961-eab6-ba6e6fe92050
canonical_focal2,NODE6,525bc20b-4bac-1c08-915e-c137adb479a8
canonical_focal2,pfsense,50229f2a-8bb9-9529-dd9d-5421953508bf
MCP10,pfsense,50229f2a-8bb9-9529-dd9d-5421953508bf
VM Network,RHVFirewall,527b256f-6111-8db5-9c04-b0994475faca
Baremetal_Internal_New,pfsense,50229f2a-8bb9-9529-dd9d-5421953508bf
Baremetal_Internal_New,NEW_NFS.1.34,52a8941d-cedd-20a5-fc9b-fbda9b563602
Baremetal_Internal_New,ShyamRhel7_172.25.2.71,52f5b575-58e9-b61a-4fbb-64b10a963836
Baremetal_Internal_New,Akash_kolla_wallaby_.25.201,50126d4c-7018-990f-1d2f-c2cf344388de
Baremetal_Internal_New,cohecity-setup--need to delete,5012bb7b-ba95-c628-b76f-ac192a8e025a
Baremetal_Internal_New,cohesity-esx-cluster-6.6.0,50123153-0c20-bfd9-26d1-bb8fa3aa1589
Baremetal_Internal_New,cohesity-esx-6.6.0d_u6_release-20221204_c03629f0 --single node,501289bf-b892-17d5-3e51-8b7f38b57f76
External_Network,RH7_172.25.0.99,5284285b-b7b2-edea-fc2f-3209810541ef
External_Network,LandingVM_Sachin,529afae2-c2e8-3b24-cf00-5befaf06832d
External_Network,Deepali_LandingVM,5259452a-af9f-bbf9-810f-274c69e7b1d7
External_Network,Landinvm_JP,528917e6-4249-51cc-ca46-a37598937e06
External_Network,ceph_graphana_14.7,522771c3-b14f-ea80-ebbd-e1865ea21d4b
External_Network,pfsense,50229f2a-8bb9-9529-dd9d-5421953508bf
External_Network,Vcenter6.7,5233a22e-e007-a00e-d612-ce1eb26eda35
External_Network,RHVFirewall,527b256f-6111-8db5-9c04-b0994475faca
External_Network,Windows10,5207ea45-7289-199a-83a5-15720a104e00
juju20.2,jujumass202,501211df-8795-45d6-d316-124bda56a781
juju20.2,Node01,501219ca-747d-7ad3-b327-cbddabc9af00
juju20.2,Node02,50122b1e-da43-5be7-88b7-338aaf281deb
juju20.2,Node03,50127b23-1f0c-587e-b623-6d749dcacc52
juju20.2,Node04,5012dd58-5d77-01f9-c827-d2e4836f6d64
juju20.2,Node05,5012d410-b1d9-a358-877c-f9d2738141da
juju20.2,Node06,5012549e-679c-42e1-239b-26b933258be6
juju20.2,RHVFirewall,527b256f-6111-8db5-9c04-b0994475faca
192.168.1.XXX-NAT-VLAN2001,LandingVM_Omkar,52628937-ae2b-cae2-5fb6-856354ad9f7f
192.168.1.XXX-NAT-VLAN2001,Meenu_landing_vm,523173db-62e3-e86c-cc3c-845dbc52b7d8
192.168.1.XXX-NAT-VLAN2001,savitha_landing_vm,520419ad-097f-fc47-02a0-e1e718edb080
InternalEndpoint,SteinCompute_30.212,52c4c12a-2ed0-e4c4-7a4e-7a81e74d3959
InternalEndpoint,Steincontroller_30.211,52da5ef5-dc77-686a-7fa4-f3f2feb923f2
InternalEndpoint,pfsense,50229f2a-8bb9-9529-dd9d-5421953508bf
wan,pfsense (1),521ca276-b69b-ec29-60f3-503dfdf6a963
wan,Windows,52b88cd4-76d3-e694-6eee-6cab541388dd
wan,PFsense_BKPRHOSP,50122073-fed8-44a7-b75a-a73a036c79d2
Test1IPV6,PFsenseIPv6 Test,5012f631-ae81-84f8-4f66-878508214b70
Internal Network,Centos_Docker_Build_6.25,524e0648-fd7a-abf0-3dbf-4ab6fd92e36d
Internal Network,EmailServer_12.205,50229459-3a1f-e48b-2e19-ff504bff8273
Internal Network,pfsense,50229f2a-8bb9-9529-dd9d-5421953508bf
Internal Network,savitha_landing_vm,520419ad-097f-fc47-02a0-e1e718edb080
Internal Network,KollaCentos_ussari3.1,502264cd-d605-cb17-c671-922487492e6d
Internal Network,NEW_NFS.1.34,52a8941d-cedd-20a5-fc9b-fbda9b563602
Internal Network,prashantKVMTMP,5204b2dd-48ba-17f4-bcf9-3fced75afa5e
Internal Network,Jenkins_Master_New,52f088e1-f386-d64b-8e39-6859b1c054dc
Internal Network,rhv_slaveopenstack_1.69,5022f110-cfa5-1431-618d-f662f7461b8b
Internal Network,Automation_Tempest_VM_6.16,5234c9ea-3745-5f2e-98e5-7d3f78c626b3
Internal Network,Dev-Wallaby-Centos-24.41,5227b123-69b1-2cfa-4b67-233c809e44c6
Internal Network,Centos7_Murali_24.30,522c2d9c-a95c-463d-e14f-ddcbcbd08b6b
Internal Network,Centos7-Murali-24.35,50125af7-6a20-eef6-e8d5-1cd467bfebb1
Internal Network,Ubuntu-temp-use-24.36,52d19269-4d9b-8cd4-1b1d-81e2b89dc249
Internal Network,Dev-R&D-KVM-24.5,5012502d-ecc1-b173-6beb-51fa5fbcd595
Internal Network,cents-test-roshan,50128e8b-cb19-acd2-cf37-719be1f0c488
Internal Network,Akash_kolla_wallaby_.25.201,50126d4c-7018-990f-1d2f-c2cf344388de
Internal Network,kube-ansiblenode-25.231,501232bc-f6d4-95ff-f198-76af97dc3e19
Internal Network,kube-2-25.242,5012fe61-8565-93da-b047-bf643973f064
Internal Network,test-compute,5012cab1-ba37-e6eb-a2e9-4147a2aba413
Internal Network,kolla-nfs-controller,5012f7b2-9d14-5704-00b1-57f411e86ba8
juju20.3,JUJUMAAS203,50122843-3812-8d62-97a3-fe4d4b1a7eb9
juju20.3,NODE-01,50122e70-93d8-f76f-e402-0424bd1a3466
juju20.3,NODE-02,5012ed27-c5db-df8f-2932-c6773485ba1b
juju20.3,NODE-03,5012d8f2-551c-41c3-504f-aa2a90bef648
juju20.3,NODE-04,501220b4-0f03-a25d-bcd7-136d78681157
juju20.3,NODE-05,50122279-e9f6-5bc2-ccf9-1a0ce8bb5b56
juju20.3,NODE-06,5012abaf-e258-018c-696d-44b9751a42cd
juju20.3,RHVFirewall,527b256f-6111-8db5-9c04-b0994475faca
juju20.5,RHVFirewall,527b256f-6111-8db5-9c04-b0994475faca
Juju2.2,JUJU_Maas_Zed,501202cf-b046-43da-9f22-d3fb5900cbcc
Juju2.2,Node1_Zed,5012930c-c3f8-8337-7031-bec92fe6104f
Juju2.2,Juju_Ubuntu22_template,50129e2c-237a-d976-9781-0c6b3d08ce22
Juju2.2,Node3_Zed,5012917b-bcd7-35e8-d6d6-fc14af91910a
Juju2.2,Node4_Zed,5012cec4-be4f-59bb-821e-4321a6d8dfd1
Juju2.2,Node5_Zed,501268f8-e035-8a69-368d-83544c064482
Juju2.2,Node6_Zed,5012464d-cdd9-9f14-85ca-0f7a440cc9fb
Juju2.2,Node2_Zed,5012ff74-77af-0577-8c2d-c679009557d3
ADMIN_INTERNAL_12,KVM_QA_13.1,50364148-9648-e545-b53d-c0c86d78f09c
JUJU2.2,JUJUMAAS_25.101,52aa2e91-7844-7da2-f0c4-8548c877a4ee
Baremetal_Server,graphana&cephcockpit_172.25.3.98,5012879c-5439-551c-934c-17c59d398e9c
Baremetal_Server,KVMDevNew-24.240,50123593-95de-9ac6-ad61-0e3bab802bcd
Baremetal_Server,MOSK1,5012d1fc-eb8a-b061-2c5c-39fd060dfee3
Baremetal_Server,mosk,501279df-8021-be13-2313-719006102bd8
Baremetal_Server,MOSK2,5012511c-5082-a646-1fa1-f685512c3826
Baremetal_Server,MOSK3,5012b4cc-d8a3-5107-6484-298802da9545
Baremetal_Server,MOSK4,5012b9f8-6456-38db-32fe-a13b6743a15b
Baremetal_Server,MOSK5,5012a4dd-b35b-9927-baf7-e757c6d495ec
Baremetal_Server,MOSK6,50128925-f981-4374-f1f2-5461a28a701b
Baremetal_Server,mosk1-automation,50124996-541d-12d6-0032-17138dbdb4e6
Baremetal_Server,MOSKR,5012877c-dddd-3a3c-1f79-8b48ce9bdb10
Baremetal_Server,mosk2-automation,5012b787-2c25-e871-4e69-60cedd90886a
Baremetal_Server,mosk3-automation,5012dc81-5f6e-4cdc-e525-49fa6d3423ab
Baremetal_Server,mosk4-automation,50125500-2b7f-92d5-fa0b-39bcac9f492b
Baremetal_Server,mosk5-automation,5012d0a8-0554-31bc-b611-af5a6ef46292
Baremetal_Server,mosk6-automation,5012e5e1-ace3-8a90-2902-651fb7b1cd03
Baremetal_Server,moskqa-1,50125e01-d68b-345b-79bd-f175cb8f6ba4
Baremetal_Server,moskqa-2,50121ebe-a261-e6c6-b016-a123d916da08
Baremetal_Server,moskqa-3,50122e37-573d-9b70-7cbc-ed9c790dc6bd
Baremetal_Server,moskqa-4,50123630-8459-66ef-d235-838b9ccc9af5
Baremetal_Server,moskqa-5,501252ef-1411-2578-49d5-7265e876d10a
Baremetal_Server,moskqa-6,501245b4-b156-cb3b-6348-8f5f0e79a07c
Baremetal_Server,moskR-Docker,5012ae5c-a372-fbd4-cb76-d38407971f2d
Baremetal_Server,moskmanual-1,501291cc-82c3-fc95-012a-19c3440f84f3
Baremetal_Server,moskmanual-2,501272e2-1bed-2b79-42a0-b9508a5be0f9
Baremetal_Server,moskmanual-3,50124d41-259a-5641-3448-6a32a11dbc12
Baremetal_Server,moskmanual-4,50124545-518e-47df-9f7c-d97873f24260
Baremetal_Server,moskmanual-5,501280e1-2235-8611-e014-e6a068f9cf36
Baremetal_Server,moskmanual-6,5012cc63-632e-925d-deef-c14eb3ac5f79
Baremetal_Server,Backup_storage_server_172.25.0.21,50121788-f22a-a030-cdfe-f4f5735702bd
Baremetal_Server,Controller-172.25.1.116,5012a2c6-6d20-16a2-daa1-39cf2474d252
Baremetal_Server,Compute-172.25.1.117,50123681-8876-18c8-e8bb-812e772fe525
Baremetal_Server,NIkhil_KVM_172.25.0.30,50124f8c-d3ec-4639-ff9b-be037d7b2f0c
Baremetal_Server,ASP_Traefik_docker_test_172.25.3.105,501267f5-6a3e-7094-3ac1-c880611dbfd3
Baremetal_Server,temp-prashant-win10-1,5012ba68-ffb0-b442-34e5-16587f545377
Baremetal_Server,temp-prashant-win-10-2,501255f5-7abc-9ede-c3c7-94b3b6695ed8
Baremetal_Server,JUJU_Maas_Zed,501202cf-b046-43da-9f22-d3fb5900cbcc
Baremetal_Server,Rocky_Zed_Controller_172.25.11.1,50127c9c-2d90-ca84-639b-189a5a030866
Baremetal_Server,Rocky_Zed_Compute_172.25.11.2,50124668-c3fa-67e2-554f-0b2ac634aa19
Baremetal_Server,Controller_172.25.11.31,5012cfb9-b12a-2421-ac55-2975fd475d4b
Baremetal_Server,compute_172.25.11.32,50125976-3f2e-88aa-4ede-72735d2af1f4
Baremetal_Server,Murali_KVM_172.25.0.209,5012616a-e882-3661-e662-2cadb8481e46
Baremetal_Server,PFsenseIPv6 Test,5012f631-ae81-84f8-4f66-878508214b70
Baremetal_Server,Abhijeet_Patra_Landing_VM,50127442-9281-8ec4-109a-504db11c5e4a
Baremetal_Server,Abhijeet_jammy_trial,5012935d-332b-16bf-1a83-7109b0d7bf11
JUJU_172.172.1.1,JUJUFOCALMAAS.1.2,52cca0b8-7eaa-f454-deca-6d604aaaa3be
JUJU_172.172.1.1,Node1,527b7f51-5e90-496f-f099-e01ee0a3fdf4
JUJU_172.172.1.1,Node2,5288c47c-b7a9-f058-1d0e-dd8b0df9301b
JUJU_172.172.1.1,Node5,528a0cac-c1b9-32a5-9286-7cc759fd0487
JUJU_172.172.1.1,Node3,5240a8e1-2c51-baf1-407b-f415eca2198c
JUJU_172.172.1.1,Node4,52f6d9cd-712c-5845-2bdd-f5c82e8025f8
JUJU_172.172.1.1,Node6,52318e2f-d5ab-253d-3c94-6e40c4ce0657
InternalEndpoint10,KVM_6.131,5228ba12-a229-b558-b2d8-3a35b2e74385
Baremetal,Centos7-Stein,501279a5-2600-61b4-d171-b964806272f0
Baremetal,moskmanual-1,501291cc-82c3-fc95-012a-19c3440f84f3
Baremetal,moskmanual-2,501272e2-1bed-2b79-42a0-b9508a5be0f9
Baremetal,moskmanual-3,50124d41-259a-5641-3448-6a32a11dbc12
Baremetal,moskmanual-4,50124545-518e-47df-9f7c-d97873f24260
Baremetal,moskmanual-5,501280e1-2235-8611-e014-e6a068f9cf36
Baremetal,moskmanual-6,5012cc63-632e-925d-deef-c14eb3ac5f79
Baremetal,ubuntu-20.04-template-1.33.5-1664266990,50120231-3522-d00a-ecee-3c0d68b1004f
Baremetal,Backup-server-win-10,5012babf-de84-ea32-05f1-d9b0ae0adf1b
Baremetal,traefik_LB_ceph_25.215,5012ab34-c619-1017-7b4e-8ba39739ff2b
Baremetal,divya_loadB_172.25.0.101,50126333-f2ab-43e7-ce4f-76dab175df15
Baremetal,Nikita-k8s-1-172.25.0.210,5012fbf2-aac2-9ab6-bdc2-e11a1142a0b4
Baremetal,Nikita-k8s-2-172.25.0.211,5012ad4c-6892-119a-efbc-48c3fd89cfd6
Baremetal,KVM_6.131,5228ba12-a229-b558-b2d8-3a35b2e74385
Baremetal,centos7VM,501229cd-3e1b-909b-f70f-e3ab9fc06481
Baremetal,compute,5012e43d-79ac-96d6-620f-b11714e9de30
Baremetal,Controller,50126bc2-171f-a8ca-9ac0-9318c44ea9d3
Baremetal,controller1,50121070-f800-9259-44c6-94cb0f6f3922
Baremetal,controller2,5012d391-ac9e-466d-81ef-1e1e40593513
Baremetal,DG-Test,501247d6-2106-945c-8091-31ea0000f3f3
Baremetal,PM_non_clone,50127632-580e-e72d-1343-6d3f54e131b6
Baremetal,TestNFS,5012f033-78b8-9e49-f16c-fd128d89d73c
Baremetal,deploymentNode,5012cd7d-23b0-72f8-f455-4d8ccf1264c4
Baremetal,Controller_1,50127548-d8aa-532c-49b9-af84cc991a58
Baremetal,Shyam_test,5012e133-4c13-d09f-ba1f-3e161879aab4
Baremetal,AbhijjetP_Trial_DND,5012fc25-f0b8-1c65-4394-17aae3ce47cf
InternalEndpoint172,KVM_6.131,5228ba12-a229-b558-b2d8-3a35b2e74385
InternalEndpoint172,Prashant_Landingvm,523ff6e8-9617-9054-5c0d-73a8d3b65024
InternalEndpoint172,pfsense,50229f2a-8bb9-9529-dd9d-5421953508bf
InternalEndpoint172,KollaCentos_ussari3.1,502264cd-d605-cb17-c671-922487492e6d
InternalEndpoint172,Docker-Registry-roshan,5226f2e8-f97a-34bd-e9c3-0eb15e7cdb9f
InternalEndpoint172,Dev-Wallaby-Centos-24.41,5227b123-69b1-2cfa-4b67-233c809e44c6
InternalEndpoint172,Ubuntu20-Tempest1-24.96,5012f247-8a41-7571-df8f-591e81588c19
InternalEndpoint172,Centos8-Tempest3-24.98,50129f15-0e6b-a912-9d58-ce2bdd516d69
InternalEndpoint172,Ubuntu20-Tempest2-24.97,5012ef00-586e-1979-1987-6bf9fffa95fb
InternalEndpoint172,Dev-R&D-KVM-24.5,5012502d-ecc1-b173-6beb-51fa5fbcd595
InternalEndpoint172,Kolla-Victoria-Rancher-24.131,5012cbde-8a76-4ff4-08c5-746320e0c772
InternalEndpoint172,graphana&cephcockpit_172.25.3.98,5012879c-5439-551c-934c-17c59d398e9c
InternalEndpoint172,Umang-kolla-victoria-24.141,50129479-4da2-17d2-0692-ae65ede42900
InternalEndpoint172,Suhas-Ubuntu20-24.6,50123917-94b6-b0bd-d9d0-73986d922e63
InternalEndpoint172,Centos8s-KVM-24.201,5012536b-ff76-5011-2044-6c89fcf014bc
InternalEndpoint172,cents-test-roshan,50128e8b-cb19-acd2-cf37-719be1f0c488
InternalEndpoint172,Centos7-Stein,501279a5-2600-61b4-d171-b964806272f0
InternalEndpoint172,Controller-IPv6-25.71,50123ef8-16c1-f5d9-315f-983dacabcd73
InternalEndpoint172,Compute-IPv6-25.72,5012c576-f599-c4fb-98ef-020a953556a9
InternalEndpoint172,ubuntu20-82.104,50124377-db8c-4c78-9970-8ec7cdcd2e9d
InternalEndpoint172,centos8s,501242ff-4bc0-3698-b1c0-58866c2a5947
InternalEndpoint172,ubuntu22,50124b33-7eb2-2b79-bc83-28182954071b
InternalEndpoint172,Kolla-Wallaby-BuildServer-25.151,50121327-a98f-9ad6-4873-56bce3de1338
InternalEndpoint172,Controller-172.25.1.116,5012a2c6-6d20-16a2-daa1-39cf2474d252
InternalEndpoint172,Compute-172.25.1.117,50123681-8876-18c8-e8bb-812e772fe525
InternalEndpoint172,NIkhil_KVM_172.25.0.30,50124f8c-d3ec-4639-ff9b-be037d7b2f0c
InternalEndpoint172,Akash_kolla_wallaby_.25.201,50126d4c-7018-990f-1d2f-c2cf344388de
InternalEndpoint172,Nikita-k8s-2-172.25.0.211,5012ad4c-6892-119a-efbc-48c3fd89cfd6
InternalEndpoint172,test-compute,5012cab1-ba37-e6eb-a2e9-4147a2aba413
InternalEndpoint172,asp-kolla-172.25.6.30,501213db-cd36-3ae4-13d5-0e3708b8c822
InternalEndpoint172,kolla-nfs-controller,5012f7b2-9d14-5704-00b1-57f411e86ba8
InternalEndpoint172,compute-murali-25.42,5012d751-f434-5245-43ba-40991c0f0ca6
InternalEndpoint172,controller-murali-25.41,5012611b-68a2-a99a-aec9-75a8b2f214f2
InternalEndpoint172,Kolla-Ubuntu-Wallaby-Debakanta-25.31,5012072b-faa1-2fc3-335d-a07ebc7baed3
InternalEndpoint172,Ansible_24.111,5012b246-3fef-f5a2-bef8-3bbc3ccf3daa
InternalEndpoint172,iscsi_24.114,5012a2f4-d1f4-4f05-b075-ccce11691f20
InternalEndpoint172,Controller_24.112,50129de1-59fe-65ab-0739-df59678b4d2d
InternalEndpoint172,Compute_24.113,50120315-8f55-6628-43ed-334960b755f1
InternalEndpoint172,Controller,50126bc2-171f-a8ca-9ac0-9318c44ea9d3
InternalEndpoint172,compute,5012e43d-79ac-96d6-620f-b11714e9de30
InternalEndpoint172,controller1,50121070-f800-9259-44c6-94cb0f6f3922
InternalEndpoint172,controller2,5012d391-ac9e-466d-81ef-1e1e40593513
InternalEndpoint172,ADP_Abhijeet_rhel7_bios,5012809b-cd75-5a87-22bf-a4f0b4d6ee20
InternalEndpoint172,Shyam_test,5012e133-4c13-d09f-ba1f-3e161879aab4
InternalEndpoint172,kollabobcatJammy_Conroller_192.168.9.81,50123caf-949a-afab-46c0-1dafeb66c2b9
InternalEndpoint172,KollabobcatJammy_compute_192.168.9.82,5012a88a-a842-df09-2144-b77e1a7efdf6
InternalEndpoint172,KollaRockyBobcatController_192.168.9.87,50128d7a-a8e1-349e-2516-d6b9c25b5f5e
InternalEndpoint172,kollaRockybobcatCompute_192.168.9.88,5012c10e-eb5d-b350-f8c1-04b1929a44c1
juju4.2,KVM_6.131,5228ba12-a229-b558-b2d8-3a35b2e74385
juju4.2,Controller-IPv6-25.71,50123ef8-16c1-f5d9-315f-983dacabcd73
juju4.2,Compute-IPv6-25.72,5012c576-f599-c4fb-98ef-020a953556a9
juju4.2,centos8s-ipv6,5012d02f-6516-ac11-02b1-77c6baa602d5
juju4.2,Tempest-savitha_172.25.0.95,52c294df-56aa-8592-cdf0-7bb3b60a3189
Admin_Endpoint,Ubuntu18_Abhijeet_18.1,50362abc-13b3-edc3-49bf-d1dc6a065ac5
Admin_Endpoint,KVM_QA_13.1,50364148-9648-e545-b53d-c0c86d78f09c
juju20.1,jujumass201,5012b501-4604-938c-9066-1e0c373bb2fd
juju20.1,Node-1,5012e102-0796-d169-129f-eb3b0c9611ff
juju20.1,Node-2,501233e4-4590-12e9-34ac-6b7ad4180cec
juju20.1,Node-3,5012b711-d1af-9eda-381b-b6e1d0478fc1
juju20.1,Node-4,5012d2d9-ab3b-6745-82d8-79e7f1d9794d
juju20.1,Node-5,50120b29-d578-7b98-cfb4-fdb5fa0a72bf
juju20.1,DEVPurpose _Abhijeet_RND,5012c1ab-36c0-2669-8198-fbdae08b9211
juju20.1,Node-6,50120ef2-8c54-7928-7f4b-4e3f5d5cca3d
juju20.1,RHVFirewall,527b256f-6111-8db5-9c04-b0994475faca
External,LandingVM_Roshan,52136823-7cb2-dab9-2cde-9e2a2e1ad058
External,Tempest-savitha_172.25.0.95,52c294df-56aa-8592-cdf0-7bb3b60a3189
External,Centos8-Rajneesh-24.10,5012b53a-b794-e6a2-1f48-1d840a7442c5
External,ansible-k8s-prashant-172.25.6.20,50122f8b-96fa-8de1-8101-f2ac8e1b58a7
External,CentOS7,50120657-ab65-1c86-c4b9-5719e81e5739
Lan3,pfsense (1),521ca276-b69b-ec29-60f3-503dfdf6a963
Lan3,PFsense_BKPRHOSP,50122073-fed8-44a7-b75a-a73a036c79d2
InternlNetwork,Landing_VM_Niranjan,52e46ffe-2278-7f91-f0cf-980dc5d2fc72
InternlNetwork,Centos_Tempest_1.119,52a4923f-755c-13f4-9e7e-eb7dfb99b277
InternlNetwork,Centos_Tempest_1.120,5225fad5-42a0-9124-9bf3-b095a7cfa335
InternlNetwork,divyaubuntu_10.183,52d0f060-119e-7289-a7ac-ff8e4161ef89
InternlNetwork,NODE1,52c468e2-ce15-ce2c-bd66-4af39d43c3a9
InternlNetwork,NODE2,52a529ef-cb5d-d0d4-7aca-72df1b94b0a4
InternlNetwork,NODE3,52fcb8cd-eb81-33f0-d91f-c9585b954393
InternlNetwork,NODE4,521ffdfb-8145-84b7-a58e-4d54d3487538
InternlNetwork,NODE5,52a071eb-d72c-0961-eab6-ba6e6fe92050
InternlNetwork,OpenstackBuildNFS-1.20,50220587-cb23-a7f7-d3e8-425634a65016
InternlNetwork,ubuntu_Rajneesh_15.60,503662d6-fa14-570c-a7c6-eb6ee2fc818f
InternlNetwork,Prashant_14.5,52805420-9a81-feef-11cc-22a2e4f9c0af
InternlNetwork,Prashant_14.6,520d00e1-9df8-3667-a3f7-4a02c4578c8f
InternlNetwork,Kolla_docker_registry_14.200,5012d506-9586-473e-d9ba-8c0d46eec126
InternlNetwork,prashant_icinga_14.254,5012f6aa-b677-c481-6037-39740f2e4724
InternlNetwork,Pushkar_RH_Build_29.1,50123238-c88c-91ef-390e-6fdb512b8e48
InternlNetwork,Ubuntu20-Tempest1-24.96,5012f247-8a41-7571-df8f-591e81588c19
InternlNetwork,Centos8-Tempest3-24.98,50129f15-0e6b-a912-9d58-ce2bdd516d69
InternlNetwork,Ubuntu20-Tempest2-24.97,5012ef00-586e-1979-1987-6bf9fffa95fb
InternlNetwork,Ekta_automationvm-24.202,5012cf68-ddf9-7e89-dfb9-f1b438b8fe16
InternlNetwork,Akash_25.110,501277f8-568b-392e-9bce-d768845cf22e
InternlNetwork,Centos_Tempest_1.119_restoration testing,50126299-0462-8f80-fdea-28a1ded03d39
InternlNetwork,KVM_6.131,5228ba12-a229-b558-b2d8-3a35b2e74385
JUJU0.2,JUJURepoServer,529471e2-5b76-e721-493b-edd39d444de0
JUJU0.2,TerminalServer_192.168.2.1,5012cddc-3e32-1034-454e-df579e3d7ea9
JUJU0.2,dc10-x7l68-rhcos-generated-region-generated-zone,5012f310-a6f7-1ac1-5f00-f8e604035829
JUJU0.2,dc10-x7l68-master-2,5012fb3f-0ce0-df05-39ad-5b19a98347fa
JUJU0.2,dc10-x7l68-master-1,5012d1a2-9ade-e496-3377-88456beac579
JUJU0.2,dc10-x7l68-master-0,5012fcb7-b28f-3200-7189-0159e31e0fbc
JUJU0.2,dc10-x7l68-worker-0-5kz8j,33f34544-8cd4-426b-a94f-2f9f2ed5416b
JUJU0.2,dc10-x7l68-worker-0-85bn7,893303a1-2035-44b3-ac18-0ee7c52308d9
JUJU0.2,dc10-x7l68-worker-0-jcvgn,2e45e28f-b363-41a5-8e17-05cd53b6e134
JUJU0.2,OCp-client,50127f25-8378-25b6-510d-8f4396d665b0
InternalEndpoint_10,SteinCompute_30.212,52c4c12a-2ed0-e4c4-7a4e-7a81e74d3959
InternalEndpoint_10,Steincontroller_30.211,52da5ef5-dc77-686a-7fa4-f3f2feb923f2
InternalEndpoint_10,ubuntu18_kolla_Rocky_6.185,5274528b-32c2-0ad3-28b8-72aaadf92cbc
InternalEndpoint_10,Ubuntu_Kolla_queens_6.195,50221c85-820f-0027-61da-7dd30bed5984
InternalEndpoint_10,KVM_QA_13.1,50364148-9648-e545-b53d-c0c86d78f09c
internal_network,CO8-UEFI-1,50125fb6-cf08-de8d-0214-8f4790acb57b
internal_network,CO8-BIOS-1,50127783-05e8-3f18-e2d3-4f17db05f40c
internal_network,abcd,5012e562-aab3-193e-2a87-3babb7220c97
internal_network,Dg-Test-2,5012b264-6163-72cc-1865-7af7fe9ddd88
internal_network,DG-Test-3,50124cb9-e1a6-5123-c3c3-5a2257d85f2b
internal_network,Atul-RHEL-7-BIOS,5012eca7-fd6f-9e4c-dc11-f449fab6618e
internal_network,Atul-RHEL7-BIOS-1,50124462-7083-74a0-6b9f-f9d63f5e9569
internal_network,Atul-RHEL-7-BIOS-2-Large-Disk,501228cb-3da0-5575-674f-c587f9bc84e5
internal_network,RK-UEFI1,5012e829-5c68-6774-d751-7762dc76e3aa
internal_network,PM_test,5012dc1e-2896-9cac-64d4-16ec4cc47547
internal_network,WS2019-Prashant,5012429c-b775-4ce5-8995-5ea736fa5de7
internal_network,Ubuntu18t,5012ee46-0796-61c7-c73e-1d9fd7e753d7
internal_network,Atul-WindowsServer2019,50129e10-e709-3194-8b0f-7a3862678b3e
internal_network,Atul-WindowsServer2016-1,5012bb75-7212-0de6-abf3-3c655e03e8e4
internal_network,Atul-CentOS-8-1,5012accd-d375-abfc-8503-5cb0607b7fb2
internal_network,Automation_Centos8,501226fe-d58b-7d8f-a2ae-75b6efcbfd16
internal_network,Automation_Ubuntu,50120770-75b9-8e4f-2cfe-2b1735fdfd4f
internal_network,Atul-SUSE-Linux-Server-11-1,5012651e-02eb-1488-5d7d-bba9efa6ae15
internal_network,Atul-RHEL-6-1,50126065-b197-4021-8c36-b48dc8b37767
internal_network,ADP_Abhijeet_rhel7_bios,5012809b-cd75-5a87-22bf-a4f0b4d6ee20
internal_network,Atul-RHEL-8-2,5012d330-4f83-e77d-a088-722e59a13130
internal_network,DG-Ubuntu-18,50122fbf-9f93-4332-18c1-62e72b533584
internal_network,Atul-Ubuntu-18,50128307-e800-17e7-c219-c0aa9e0bbb2d
internal_network,DG-Test-1GB-Disk,50126ee7-57a7-ed20-4caa-9e22a4ad3262
internal_network,DG-Test,501247d6-2106-945c-8091-31ea0000f3f3
internal_network,RohitTest,5012b3af-30d9-dc02-8303-fee71f44f8e5
internal_network,RohitTest2,50120312-36a2-8e54-80e8-41c950b306c0
internal_network,PM_RHEL-7_BIOS-1,50122fb8-89ea-de66-e567-6e5901fee30e
internal_network,Atul-RHEL-7-BIOS-1-Clone,5012fe49-0d3e-72c0-3879-e79eba26510b
internal_network,Abhijeet-test-Ubuntu-18,5012dffc-c9e8-8c1f-5134-ae5298ac6dfe
internal_network,Atul-RHEL-7-BIOS-Clone,50128267-989f-2bf4-2a98-7f99b026db71
Internal_Endpoint,ubuntu18_kolla_Rocky_6.185,5274528b-32c2-0ad3-28b8-72aaadf92cbc
ExternalNetwork,Vcenter7_EnggProd,5211d64d-1503-a928-0096-c38f468fd56b
ExternalNetwork,RH7_172.25.0.99,5284285b-b7b2-edea-fc2f-3209810541ef
ExternalNetwork,LandingVM_Rohit,52fd0dda-646b-831b-acc6-eb82686896ec
ExternalNetwork,Landing_VM_Divya,50369d8f-8999-1794-387c-101f24f80c6c
ExternalNetwork,Landing_VM_Sunil,50367f5d-a4a9-2e8d-498f-ee584466b508
Baremetal_internal,Pushkar_RH_Build_29.1-old,5219dff4-5f88-5779-4917-8c72b3cc875b
Baremetal_internal,asp-kolla-172.25.6.30,501213db-cd36-3ae4-13d5-0e3708b8c822
juju20.4,RHVFirewall,527b256f-6111-8db5-9c04-b0994475faca
INFRA PUBLIC NETWORK,LandingVM_Omkar,52628937-ae2b-cae2-5fb6-856354ad9f7f
INFRA PUBLIC NETWORK,Meenu_landing_vm,523173db-62e3-e86c-cc3c-845dbc52b7d8
INFRA PUBLIC NETWORK,savitha_landing_vm,520419ad-097f-fc47-02a0-e1e718edb080
External_network,Landing_VM_Niranjan,52e46ffe-2278-7f91-f0cf-980dc5d2fc72
IPV6,Landing_VM_Niranjan,52e46ffe-2278-7f91-f0cf-980dc5d2fc72
IPV6,savitha_landing_vm,520419ad-097f-fc47-02a0-e1e718edb080
InternalNetwork,LinuxDemoTestLink15.51,52176d13-b780-694d-66c7-68959bdc848f
InternalNetwork,RHOSP_YUM_15.91,522097eb-b5fa-cf4b-43cb-4057198a5e35
InternalNetwork,rhl7buildserver_10.215,52ccbd76-fba7-86e8-1fe3-494e51310eb9
InternalNetwork,RK_Linux_15.50,523d45de-c58c-b620-5feb-49a067ccd9e0
InternalNetwork,RHV_sanity_5.39,52b8f160-fda2-33aa-d016-edcbf1f3713a
InternalNetwork,SteinCompute_30.212,52c4c12a-2ed0-e4c4-7a4e-7a81e74d3959
InternalNetwork,Steincontroller_30.211,52da5ef5-dc77-686a-7fa4-f3f2feb923f2
InternalNetwork,ubuntu18_kolla_Rocky_6.185,5274528b-32c2-0ad3-28b8-72aaadf92cbc
InternalNetwork,Ubuntu_Kolla_queens_6.195,50221c85-820f-0027-61da-7dd30bed5984
InternalNetwork,jenkins_trial_16.188,52a2061f-a6ed-a6d2-0990-a55d35f805d8
InternalNetwork,RHEL8_7.2,525e9fa3-0409-9731-49ae-83442d0a3fbb
InternalNetwork,Ubuntu18_7.3,5214a5d5-0a2e-ad49-9a85-7ec030c60545
InternalNetwork,Ubuntu20_7.4,5231464a-5849-d99c-5646-81f9cfd779c3
InternalNetwork,kollaDEV_Victoria24.11,525bf99b-3df7-3cdc-b4d7-5e6c26e5423c
InternalNetwork,Centos8-Monitoring,52aeb064-6b5b-1cde-de7e-1ec6a8889ef9
InternalNetwork,Tempest-Centos8,5247aefa-0e35-346e-0d69-174e8e9b5600
InternalNetwork,Tempest-Ubuntu20,525fc1e1-a80e-4552-8a8f-07f6f9f37e78
InternalNetwork,Tempest-Ubuntu18,52db6b3d-c6b1-ab75-9e29-28cc5c6a9686
InternalNetwork,rhel8mahesh_12.67,52add56e-4449-eb69-ab3f-454c3db05ab3
InternalNetwork,KVM_QA_13.1,50364148-9648-e545-b53d-c0c86d78f09c
InternalNetwork,pushkarcentos8_16.184,52f1e001-e425-8df6-b60c-7504d8520316
InternalNetwork,AtulAutomation_8.100,52f10c58-c125-a170-f5e4-a0bf87a662d8
InternalNetwork,Murali_14.52C8,52b04aa1-4433-730d-ae51-aa80afa94da6
InternalNetwork,LandingVM_Nikhil,5273869b-ae86-a29e-acb2-03e435ab491c
InternalNetwork,LandingVM_debakanta.biswal,52686439-c40f-6877-7af1-f56390759a82
InternalNetwork,Guest_14.55C8,52b19d8b-d325-9d9b-f341-97fe87821c7e
InternalNetwork,Murali_Ubuntu20_14.56,527d453a-5b96-b745-f2ca-9e534f5111f3
InternalNetwork,Centosrocky_6.55,525ed459-e8c6-11b5-20ea-680ea1d1b1be
InternalNetwork,Divya_openstack10.181,52d47d6f-aca0-3760-96a1-93620712b5c6
InternalNetwork,centosiscsi10.98,5297ffb9-84e0-ee8d-fbf7-bebe7333655c
InternalNetwork,rhel7pushkar_13.24,5292e7e8-c538-7930-1e5d-d4112471b911
InternalNetwork,rhel8train_10.211,524a2e90-0cbc-6915-c455-3e9c29d0e534
InternalNetwork,JUJUMAAS_25.101,52aa2e91-7844-7da2-f0c4-8548c877a4ee
InternalNetwork,Tempest-savitha_172.25.0.95,52c294df-56aa-8592-cdf0-7bb3b60a3189
InternalNetwork,LandingVM_Dhiraj,5036ddda-17f7-079e-c6bf-9d9cd88e8c61
InternalNetwork,LandingVM_Rohit,52fd0dda-646b-831b-acc6-eb82686896ec
InternalNetwork,RHVbuildNFS-45.3,5229b176-6753-7bda-0ea3-889a9e735913
InternalNetwork,Landing_VM_rohitk,52612b63-46e8-1cb8-f209-3141e4521763
InternalNetwork,Landing_VM_Divya,50369d8f-8999-1794-387c-101f24f80c6c
InternalNetwork,Landing_VM_Pushkar,52b14bdc-d610-623b-1057-7df75a16a191
InternalNetwork,Pushkar_RH_Build_29.1-old,5219dff4-5f88-5779-4917-8c72b3cc875b
InternalNetwork,Landing_VM_Sunil,50367f5d-a4a9-2e8d-498f-ee584466b508
InternalNetwork,Centos8-Rajneesh-24.10,5012b53a-b794-e6a2-1f48-1d840a7442c5
InternalNetwork,Pushkar-cento8-vulnerability-24.9,501294c8-0b31-d552-d6df-039298dc9279
InternalNetwork,Ansible_24.111,5012b246-3fef-f5a2-bef8-3bbc3ccf3daa
InternalNetwork,Controller_24.112,50129de1-59fe-65ab-0739-df59678b4d2d
InternalNetwork,Compute_24.113,50120315-8f55-6628-43ed-334960b755f1
InternalNetwork,iscsi_24.114,5012a2f4-d1f4-4f05-b075-ccce11691f20
InternalNetwork,PriyankaTestVM-24.8,50126c5d-f50b-b43c-98c8-7a34d8105658
InternalNetwork,Kolla-Victoria-Rancher-24.131,5012cbde-8a76-4ff4-08c5-746320e0c772
InternalNetwork,Ansible-24.190,50124d1a-1ecf-dad1-c5fc-4162e48441b8
InternalNetwork,controller-24.191,5012f6ad-1086-92b9-af07-824c6a850b6a
InternalNetwork,compute-24.192,50123624-77e6-e5c2-9534-78bad40f691f
InternalNetwork,iscsi-24.193,50123128-2370-7602-e7a3-ef7f5423ec89
InternalNetwork,Umang-kolla-victoria-24.141,50129479-4da2-17d2-0692-ae65ede42900
InternalNetwork,Suhas-Ubuntu20-24.6,50123917-94b6-b0bd-d9d0-73986d922e63
InternalNetwork,Centos8s-KVM-24.201,5012536b-ff76-5011-2044-6c89fcf014bc
InternalNetwork,ubuntu18- (plz detached network card),501296ed-a347-55c1-c792-120c2235f467
InternalNetwork,Ubuntu18,50120230-5cab-6d9e-557e-7a7e790c9c6a
InternalNetwork,Nikita_3.169,5012c323-bedb-faa6-1c4f-637b16771d4f
InternalNetwork,LandingVM-AbhijeetPowar-1.96,50129974-edb5-ab7c-bd9b-e87bd7e02214
InternalNetwork,Nikhil_temptest_192.168.7.8,50129a8b-0829-7c22-43df-339a81bfc2a4
InternalNetwork,Debakanta_192.168.25.195,5012a740-9bcc-1b54-727f-3a4ea0105702
InternalNetwork,Ubuntu_prashant_14.160,501265b0-4510-6655-83a8-35daca6431d3
InternalNetwork,AlmaLinux-Prashant-IP,501279c9-e749-0693-2e6a-f45fc7c07eb7
InternalNetwork,ASP_Almalinux_IP,50126c0c-fe9a-0f23-286d-2a022c817590
InternalNetwork,RHEL-9-Rajneesh-192.168.15.10,5012ffd3-0e73-31fd-21b4-71f2168bcfcd
InternalNetwork,RHEL-9-Shyam-192.168.15.20,50126881-bfbe-14c4-80bb-d428b0236c10
InternalNetwork,RHEL-9.0-Build-192.168.15.11,5012e2c4-4c68-5702-5dcc-954381620bfe
InternalNetwork,ADP_CentOS8_UEFI,5012b7bd-24cd-f2d6-6ae0-ea3279a4e5af
InternalNetwork,ADP_CentOS8_BIOS,5012ba1a-48f4-3915-5b22-b5ca55328090
InternalNetwork,ADP_Abhijeet_70.29,5012fde5-cff3-8484-0541-b5ba2592d811
InternalNetwork,New_Centos7_CBT,50120ed0-31dd-9f6a-0c03-93061f39797b
InternalNetwork,CBT-Cenos7,50127418-82bc-7ad2-b589-9a7e195210cd
InternalNetwork,CBT-Centos7_template,501248f5-5b1d-1b53-6705-5535930da2eb
InternalNetwork,DG-CentOs8,50121c6a-a480-6987-76e2-8368ed9a057a
InternalNetwork,RohitAlma_Temp,50121b49-4de2-0fff-0386-9d704ec8b1f6
InternalNetwork,Mahesh_Deb_DO_NOT_DELETE_12.32,5296ee79-9d04-6501-753d-c74fcfc92ad6
JUJU_Automation,JUJUMAAS_25.101,52aa2e91-7844-7da2-f0c4-8548c877a4ee
JUJU_Automation,pfsense,50229f2a-8bb9-9529-dd9d-5421953508bf
InternalEndpoint_172,kollaDEV_Victoria24.11,525bf99b-3df7-3cdc-b4d7-5e6c26e5423c
InternalEndpoint_172,Kolla-Victoria-Rancher-24.131,5012cbde-8a76-4ff4-08c5-746320e0c772
InternalEndpoint_172,graphana&cephcockpit_172.25.3.98,5012879c-5439-551c-934c-17c59d398e9c
InternalEndpoint_172,Ansible-24.190,50124d1a-1ecf-dad1-c5fc-4162e48441b8
InternalEndpoint_172,controller-24.191,5012f6ad-1086-92b9-af07-824c6a850b6a
InternalEndpoint_172,compute-24.192,50123624-77e6-e5c2-9534-78bad40f691f
InternalEndpoint_172,iscsi-24.193,50123128-2370-7602-e7a3-ef7f5423ec89
InternalEndpoint_172,KVMDevNew-24.240,50123593-95de-9ac6-ad61-0e3bab802bcd
InternalEndpoint_172,Murali_KVM_172.25.0.209,5012616a-e882-3661-e662-2cadb8481e46
InternalEndpoint_172,Kolla-antelopeRockyController_25.91,50121d75-f4b9-a680-da1c-e72bdaa0ff85
InternalEndpoint_172,Rocky9.2,501269db-1e74-6775-81f2-ec32b15b6008
InternalEndpoint_172,KollaWallaby-24.22,50123869-1cd0-3276-0b22-05c601e4933b
InternalEndpoint_172,KVM_QA_13.1,50364148-9648-e545-b53d-c0c86d78f09c
InternalEndpoint_172,Rocky_Zed_Controller_172.25.11.1,50127c9c-2d90-ca84-639b-189a5a030866
InternalEndpoint_172,Rocky_Zed_Compute_172.25.11.2,50124668-c3fa-67e2-554f-0b2ac634aa19
InternalEndpoint_172,Controller_172.25.11.31,5012cfb9-b12a-2421-ac55-2975fd475d4b
InternalEndpoint_172,compute_172.25.11.32,50125976-3f2e-88aa-4ede-72735d2af1f4
InternalEndpoint_172,KollaantelopeJammy_Controller_192.25.97,50121422-1d14-1478-76b4-a48337bff2c5
InternalEndpoint_172,Kolla-antelopeRocky-compute,5012ae29-c83c-3c8e-f410-12a656d2f6e5
InternalEndpoint_172,KollaantelopeJammy_compute_192.25.99,501243f5-4d5e-8805-cb9c-8a933da3c7e1
Internal_network,ubuntu18_kolla_Rocky_6.185,5274528b-32c2-0ad3-28b8-72aaadf92cbc
Internal_Endpoint_172,Ansible_24.111,5012b246-3fef-f5a2-bef8-3bbc3ccf3daa
Internal_Endpoint_172,Controller_24.112,50129de1-59fe-65ab-0739-df59678b4d2d
Internal_Endpoint_172,Compute_24.113,50120315-8f55-6628-43ed-334960b755f1
Internal_Endpoint_172,iscsi_24.114,5012a2f4-d1f4-4f05-b075-ccce11691f20
external_Network,Rajneesh_LandingVM,5234d57f-2a3a-1b53-7904-9f6ff047fa16
external_Network,LandingVM_Omkar,52628937-ae2b-cae2-5fb6-856354ad9f7f
external_Network,Prashant_Landingvm,523ff6e8-9617-9054-5c0d-73a8d3b65024
VM Network 2,Deepali_LandingVM,5259452a-af9f-bbf9-810f-274c69e7b1d7
VM Network 2,Centos_Docker_Build_6.25,524e0648-fd7a-abf0-3dbf-4ab6fd92e36d
RHV,Pfsense_Presales,5017b4a1-9bcf-4969-4660-0591fdde9912
RHV,Demo_Pfsense,52a4246d-b9b1-b2d7-45cc-07c614a8c15e
RHV,Canonical_MAAS_Controller,50121016-9227-afef-a6e1-5a48a221878a
RHV,Canonical_Node-1,501283fc-2147-e7fc-1187-162c4780fa10
RHV,Canonical_Node-2,5012e269-e489-63e7-737d-7eb8ebfe71b4
RHV,Canonical_Node-3,50120bfd-0928-31a3-f7e0-507f8754f259
RHV,Canonical_Node-4,501274bf-14f6-edc8-4bd8-8c7d79ff74a2
RHV,Canonical_Node-5,5012ca29-7e1d-4f0c-6e25-88014436df05
RHV,os-compute,50127c0e-6120-db81-c9fd-66e1934e2d87
RHV,os-control,5012845a-138c-ddc4-bbee-22667fc9e80d
RHV,os-network,5012b105-30f7-e338-fac3-e2fe6a983e29
RHV,os-storage,50121168-f889-cae8-bf48-86f7b6c512ac
baremetal,Pfsense_Presales,5017b4a1-9bcf-4969-4660-0591fdde9912
VM Network,Terminal-New_OCP-Demo,50126208-eee9-b648-212b-6718a905eab7
VM Network,kevin-CentOS8-Template,50125656-98e5-1031-145d-85b9ef9d48f0
VM Network,kevin-CentOS8-2,501222f6-c3e0-05b1-e97e-bd4b06375ab2
VM Network,CentOS8-Bios,50124871-c322-95ba-744f-ff0e7d247e4d
VM Network,kevin-ubuntu1,50121ebb-9a31-671e-2b94-a1fd8b6b4dda
VM Network,Atul-Migration-test-Ubuntu-20,501203aa-ce8a-9ebd-7397-f4db7645d14e
VM Network,Atul-Migration-Ubuntu-20-Clone,501283cf-c2e4-4fe6-3f98-1124076b9d4b
OCP,TerminalServer-OCP Staging-Dev,5012c811-01e0-dbbb-414c-7f1de5cc1fd6
OCP,rkecentos,5017cb06-f0f1-c707-543f-802210387811
OCP,rkecentos8,5012c4a1-7398-8468-2e21-21b6da89b591
OCP,mke-staging-manager,50129796-4d3f-e455-1cd5-041222f310db
OCP,mke-staging-worker1,501228aa-30e7-2921-bb28-434aff6f5dfa
OCP,mke-staging-worker2,5012b934-cd83-b88a-c1ab-3ff30b0453b0
OCP,Pfsense_Presales,5017b4a1-9bcf-4969-4660-0591fdde9912
OCP,dev-86m78-rhcos,50123b70-b513-1c85-ce76-2a0b7296a385
OCP,dev-86m78-master-0,50123bae-8a70-f689-a5af-c41bd1e6d7e0
OCP,dev-86m78-master-1,501205d1-f54c-665f-b7c1-049ff3afa5d6
OCP,dev-86m78-master-2,5012e82b-28c2-8146-56d0-e55608e26a03
OCP,dev-86m78-worker-bwghd,dbeda04f-514b-4298-a299-b94b79ea37a3
OCP,dev-86m78-worker-2kkfw,d150f54b-8145-4f18-a43c-ec646b0ff5da
OCP,dev-86m78-worker-qkml8,a9074fd8-fe19-4e97-bf65-566dd6decf73
OCP,rkecentos-1,50126048-34a8-c139-2e97-160dba857961
OCP,rkecentos8-1,50125c12-91e1-19f1-f1a8-d717f472cd72
OCP,Rancher_Staging,50124c56-1950-6092-6a21-2e218a273d9b
OCP,rancher-staging-template,501291b7-4e55-a0ee-4320-ae7a9326f9b8
OCP,rke-staging-worker3,5012f5b2-8452-703c-62c6-65b21800300c
OCP,rke-staging-master1,50126b1d-3432-3d92-3e82-cf60f4ba1c8c
OCP,rke-staging-master2,50129ac4-973c-7a31-3788-68334c0c3201
OCP,rke-staging-worker1,5012f326-b6d2-5def-9ac7-72f54b97ac7e
OCP,rke-staging-worker2,50120289-3242-022a-361b-ce9d397d71ac
OCP,rke-staging-master3,50121bd8-fde3-24ae-0126-e4e7df1408f4
OCP,dc4-n9f29-rhcos,501229ca-4892-5bc6-f01c-a78eea663836
OCP,dc4-n9f29-master-1,5012cc88-9077-f3ef-8767-6f9966099cb9
OCP,dc4-n9f29-master-2,5012eb8c-b023-1508-2daf-8d789da7cdbd
OCP,dc4-n9f29-master-0,50125c60-3e98-e50c-7cd1-b603ecedb4f4
OCP,dc4-n9f29-worker-wmqnd,db6626de-a944-4c8d-a9ed-a33f2d46a868
OCP,dc4-n9f29-worker-g6swt,9d8f5418-7cdf-46c1-b387-93f6908af527
OCP,dc4-n9f29-worker-ktjzx,28713836-ccdb-4d35-a62f-b8c876b2478c
OCP,kubeadm-control,501220b4-37a5-a2d2-bda7-6cb06c4e99ac
OCP,kubeadm-worker1,50123d14-0969-a0da-8d74-26009ffac09c
OCP,kubeadm-worker2,5012fb8f-ee2f-1c3b-21f4-cf33a4f53bfe
OCP,microk8s-1,5012e99a-dca5-1f7c-2f5f-c967cac8dbd3
OCP,rohit-manager,501265ba-24f0-ec55-2653-f0446a849a63
OCP,rohit-worker1,50121ac4-5e83-4b3c-6cfe-c216dd8d5b01
OCP,rohit-worker2,50128f19-1f63-682d-5577-4e2944fec268
OCP,jeff-ubuntu-1,50122692-98d5-88a3-f495-ceb1fb70dc5f
OCP,Ubuntu-VM1,5012d9f7-d717-7386-0a45-cf71773eda7a
OCP,rodolfo-ubuntu-1,50128318-984d-b8a9-e032-ee5f4d3b537d
OCP,jeff-windows10-1,50126502-92bb-6174-1f27-2f4cfd6d5356
OCP,jeff-windows-10-2,501240f2-e19a-4a0c-9eb7-06beb44aec5d
OCP,jeff-windows-server-2016-1,5012b5da-9fbb-a210-32e9-a919035852e1
OCP,jeff-windows-server-2019-1,50129b02-701b-f71a-e0ab-6c7b2d737c7a
OCP,jeff-windows-server-2022-1,5012079a-a200-81ae-428b-0ba1a5c09f30
OCP,jeff-windows-11-1,501208a9-3aa9-2650-f8ca-41e4d7d40f4d
Internal_network,Demo_Pfsense,52a4246d-b9b1-b2d7-45cc-07c614a8c15e
External_Network,Demo_Pfsense,52a4246d-b9b1-b2d7-45cc-07c614a8c15e
External_Network,testing1,501241ca-ab60-1dda-4e2f-a9415197a5fe
internal-network,Pfsense_Presales,5017b4a1-9bcf-4969-4660-0591fdde9912
WAN,Pfsense_Presales,5017b4a1-9bcf-4969-4660-0591fdde9912
K8S,Demo_Pfsense,52a4246d-b9b1-b2d7-45cc-07c614a8c15e
K8S,Rancher_Demo,5012c79e-b1d3-5be8-a46e-dd57bcfebfca
ocpdemo,Pfsense_Presales,5017b4a1-9bcf-4969-4660-0591fdde9912
ocpdemo,windows-client,525b7e62-49c0-d772-9574-d6fc54834631
ocpdemo,DNS _Master,52aaa57f-c393-7eed-7444-94463268c6be
ocpdemo,Terminal-New_OCP-Demo,50126208-eee9-b648-212b-6718a905eab7
ocpdemo,Rancher_Demo,5012c79e-b1d3-5be8-a46e-dd57bcfebfca
ocpdemo,dc2-jrb9x-rhcos,50122735-2110-19c2-a472-02274b427bcc
ocpdemo,dc2-jrb9x-master-0,5012e177-f247-5261-100c-30d78461d62d
ocpdemo,dc2-jrb9x-master-1,50121006-4508-3974-ab15-e36f39de4bb1
ocpdemo,dc2-jrb9x-master-2,50122c86-9774-495e-e689-6bdf7e3e68e7
ocpdemo,dc2-jrb9x-worker-kqqvm,657af25f-2441-4144-873d-1ac9128d84db
ocpdemo,dc2-jrb9x-worker-6tt9r,178ed85f-3855-4124-a8c1-474736a5da20
ocpdemo,dc2-jrb9x-worker-dq7c4,80e54bd6-ba1d-44b1-a4da-2091e4edab8d
ocpdemo,rancher-template,5012292f-ac79-1686-b3d7-758c66839c98
ocpdemo,rkeworker2,50127a3d-c0ff-703d-374a-ea031e60b5c6
ocpdemo,rkemaster3,501221aa-1a94-16eb-2b32-5a9dcb77be7e
ocpdemo,rkeworker3,5012b43d-66d3-d3b9-f958-d73a44382f84
ocpdemo,rkemaster2,50120548-ba58-17f9-482d-58f35d0d742e
ocpdemo,rkemaster1,5012a7b4-22f1-b835-38b5-8828462f68d4
ocpdemo,rkeworker1,50126c90-6d2a-e4ac-0420-d69977b50a61
ocpdemo,dc5-6bxjj-rhcos,5012a5b3-a29e-02c2-d15f-54b7115a78d9
ocpdemo,dc5-6bxjj-master-0,5012f35d-4db5-6066-697f-d99f3b026bf1
ocpdemo,dc5-6bxjj-master-1,50123cc7-414a-aace-4267-41795277ab15
ocpdemo,dc5-6bxjj-master-2,501242eb-92bf-d1d8-84b9-f34372694749
ocpdemo,dc5-6bxjj-worker-42z4l,de48030f-dec5-494d-9005-2a5858d7131c
ocpdemo,dc5-6bxjj-worker-pn5r6,6dc3209b-c9c1-4e37-a656-1ec462eed162
ocpdemo,dc5-6bxjj-worker-vg9wx,9688eb9c-3204-49c9-8af8-c8947c028f90
ocpdemo,win-client-2,50127462-b11f-7731-abb4-bf9926017117
ocpdemo,dev1-rkppw-rhcos-generated-region-generated-zone,5012c891-8e55-d28c-dcc8-4895364e0206
ocpdemo,dev1-rkppw-master-1,5012f7f5-d365-604a-c8fd-3d3209bcd4b4
ocpdemo,dev1-rkppw-master-2,5012e6f5-73bf-d3e8-af04-d0ea0c3a1246
ocpdemo,dev1-rkppw-master-0,5012ea08-929e-da6f-27aa-7f53d4b18cb8
ocpdemo,dev1-rkppw-worker-0-j82st,0e2558fe-2d09-4821-a873-28bccafda132
ocpdemo,dev1-rkppw-worker-0-2mfc9,622abc40-d527-4e27-9129-3b82d357d224
ocpdemo,dev1-rkppw-worker-0-ztkh6,b98d3f4a-0aa6-4fdd-bc16-e4f4186274a4
ocpdemo,dc5-6bxjj-worker-dlsq7,30077321-72b6-42fb-ba24-093b11c5eb33
ocpdemo,dc3-79w7l-rhcos,5012dda9-0c6d-a5e4-d34f-0d52982caafd
ocpdemo,dc3-79w7l-master-1,50129821-ed9c-73d2-7e52-36e57be3f253
ocpdemo,dc3-79w7l-master-2,501235dc-5572-d859-030f-fcbcc2e4fde5
ocpdemo,dc3-79w7l-master-0,50123515-1542-78ac-efa6-0adf016c5c0d
ocpdemo,dc3-79w7l-worker-cms75,87b8006d-89ec-49ee-977e-4b4578985665
ocpdemo,dc3-79w7l-worker-zwdws,f76390b6-40b5-4954-a718-82530b85dcaa
ocpdemo,dc3-79w7l-worker-r9drz,deab58c7-f2fd-43ae-84cf-18eabc58ec32
RHOSPDEMO,KVM_172,5017fc0a-7b02-431f-eeaa-a702b58cbf27
RHOSPDEMO,Pfsense_Presales,5017b4a1-9bcf-4969-4660-0591fdde9912
RHOSPDEMO,RHOSPDEMO-RHV-Manager-4.20,50121d73-13b6-6f7f-f32e-55757a8d5eea
RHOSPDEMO,jeff-ubuntu-1,50122692-98d5-88a3-f495-ceb1fb70dc5f
RHOSPDEMO,Ubuntu-VM1,5012d9f7-d717-7386-0a45-cf71773eda7a
RHOSPDEMO,rodolfo-ubuntu-1,50128318-984d-b8a9-e032-ee5f4d3b537d
RHOSP,KVM_172,5017fc0a-7b02-431f-eeaa-a702b58cbf27
RHOSP,RHOSP_RHVMANAGER,501752c8-ceb7-c120-0ca1-25551b96e6e0
RHOSP,RHV_NFS,50173415-f281-7c75-8d7c-865507b8721b
RHOSP,NFS_172,50173110-8b5f-d36b-e46b-f2c12c8c6d61
RHOSP,Pfsense_Presales,5017b4a1-9bcf-4969-4660-0591fdde9912
RHOSP,Demo_Pfsense,52a4246d-b9b1-b2d7-45cc-07c614a8c15e
RHOSP,RHOSPDEMO-RHV-Manager-4.20,50121d73-13b6-6f7f-f32e-55757a8d5eea
RHOSP,Alma_Rohit,50120e41-5349-340e-3e8b-aea26ab666a8
RHOSP,Minio1,50120c9a-357d-cb82-8a58-a0cf1f7bab7d
RHOSP,MinioRhel9.1,50127ba6-c341-e24e-532c-fe6f7f9458e8
RHOSP,Minio2,5012cd0d-39cd-9e1a-06ff-9f419f2f8d92
RHOSP,Minio3,5012d39f-4127-4c2f-563c-0032365edde5
canonical-network,Pfsense_Presales,5017b4a1-9bcf-4969-4660-0591fdde9912
Openstack_publicEP,KVM_172,5017fc0a-7b02-431f-eeaa-a702b58cbf27
Openstack_publicEP,NFS_172,50173110-8b5f-d36b-e46b-f2c12c8c6d61
Openstack_publicEP,DNS_Slave,501261b2-5e5f-4782-cfa7-19554f577b29
Openstack_publicEP,Pfsense_Presales,5017b4a1-9bcf-4969-4660-0591fdde9912
Canonical,JUJUMAAS,50123f60-b5e1-205c-548f-09a99c53ceb3
Canonical,Demo_Pfsense,52a4246d-b9b1-b2d7-45cc-07c614a8c15e
JUJU,Pfsense_Presales,5017b4a1-9bcf-4969-4660-0591fdde9912
JUJU,os-control,5012845a-138c-ddc4-bbee-22667fc9e80d
JUJU,os-compute,50127c0e-6120-db81-c9fd-66e1934e2d87
JUJU,os-network,5012b105-30f7-e338-fac3-e2fe6a983e29
JUJU,os-storage,50121168-f889-cae8-bf48-86f7b6c512ac
JUJU,os-deploy,5012495d-a157-220b-de93-e4af97f11327
JUJU,kevin-CentOS8,50128f48-74fd-035a-0ef5-ffb39fcfcb70
